file,document_title,link,author,sector,region,date,wire_id,prompt_type,model_used,persona,rouge1_f,rouge2_f,rougeLsum_f,rouge1_r,rouge2_r,rougeLsum_r,bertscore_f1,bleurt,src_tokens,hyp_tokens,gold_tokens,compression_ratio,content_quality,style_similarity,overall_quality
amazon_aws_growth.json,Amazon Web Services: Q4 results show reaccelerating growth driven by AI workload,https://neo.ubs.com/shared/r7bVsZu1Nq0/?did=GH5-J--2188900778&off_id=GH5-J-24738648056ma=C1I9000230600900&amp_id=EM:TECH:2025-11:26:,"Brian Fitzgerald, CFA, Internet & Cloud Analyst",Technology,Global,2025-11-26,tec93067,Research Note,gpt-4o,formal_analyst,0.7278911564625851,0.37671232876712324,0.6258503401360545,0.7867647058823529,0.4074074074074074,0.6764705882352942,0.6330763697624207,,371,203,192,0.5471698113207547,0.590263046983148,0.8184006558594735,0.6587043296460456
fed_policy_update.json,"Federal Reserve November FOMC Decision: Policy rate maintained at 5.25-5.50%, ha",https://neo.ubs.com/shared/m3yRtNk8Zq5/?did=DE2-G--2185600445&off_id=DE2-G-24705315623ma=Z8F6777907377677&amp_id=EM:ECON:2025-11:20:,"Jonathan Pingle, PhD, Chief US Economist",Economics,United States,2025-11-20,eco71845,Morning Summary Economics,gpt-4o,formal_analyst,0.6265060240963856,0.38256658595641646,0.5590361445783133,0.896551724137931,0.5486111111111112,0.8,0.3923562467098236,,489,343,166,0.7014314928425358,0.4913213318442724,0.8140323774282119,0.5881346455194542
jpmorgan_outlook_2026.json,JPMorgan Economic Outlook 2026: Soft landing scenario with gradual normalization,https://neo.ubs.com/shared/q6aUrYt0Mp9/?did=FG4-I--2187800667&off_id=FG4-I-24727537945ma=B0H8999129599899&amp_id=EM:ECON:2025-11:25:,"Michael Feroli, PhD, Chief US Economist",Economics,United States,2025-11-25,eco82956,Morning Summary Economics,gpt-4o,formal_analyst,0.7328767123287672,0.45517241379310347,0.6232876712328768,0.7328767123287672,0.45517241379310347,0.6232876712328768,0.5583193898200989,,333,173,166,0.5195195195195195,0.5668108854391803,0.8653422676604297,0.6563703001055551
nextera_renewable_expansion.json,NextEra Energy: Renewable capacity expansion accelerates with record backlog of ,https://neo.ubs.com/shared/u0eYxBz4Rr3/?did=KJ8-M--2191122111&off_id=KJ8-M-24761981389ma=F4L2333563933233&amp_id=EM:UTIL:2025-11:21:,"Robert Kim, CFA, Utilities & Power Analyst",Utilities,North America,2025-11-21,utl93614,Research Note,gpt-4o,formal_analyst,0.6858638743455497,0.3842105263157895,0.612565445026178,0.8291139240506329,0.46496815286624205,0.740506329113924,0.5406566858291626,,434,265,199,0.6105990783410138,0.55722318375922,0.8411019962153725,0.6423868274960657
nvidia_q324_results.json,NVIDIA Corporation: Q324 earnings beat driven by data center strength,https://neo.ubs.com/shared/k9xPqWr7Lm2/?did=BC9-F--2184500891&off_id=BC9-F-24695204312ma=Y7E5666896266566&amp_id=EM:TECH:2025-11:18:,"Timothy Arcuri, Senior Technology Analyst",Semiconductors,North America,2025-11-18,tec49201,Research Note,gpt-4o,formal_analyst,0.5396825396825397,0.31309904153354634,0.46349206349206346,0.8415841584158416,0.49,0.7227722772277227,0.4142996072769165,,334,288,128,0.8622754491017964,0.4596867075799004,0.8599450791814323,0.5797642190603599
pfizer_pipeline_update.json,Pfizer Inc: Pipeline update shows progress in oncology and cardiovascular franch,https://neo.ubs.com/shared/t8cWvZw2Or1/?did=IH6-K--2189900889&off_id=IH6-K-24749759167ma=D2J0111341711011&amp_id=EM:PHARM:2025-11:24:,"Dr. Sarah Chen, PharmD, Healthcare Analyst",Healthcare,Global,2025-11-24,phr74829,Research Note,gpt-4o,formal_analyst,0.7096774193548387,0.3896103896103896,0.567741935483871,0.8333333333333334,0.4580152671755725,0.6666666666666666,0.566040575504303,,345,205,159,0.5942028985507246,0.5469089468448393,0.8978801156341542,0.6522002974816337
procter_gamble_strategy.json,Procter & Gamble: Premium positioning strategy drives margin expansion despite v,https://neo.ubs.com/shared/s9dXwAy3Pq2/?did=JI7-L--2190011000&off_id=JI7-L-24750870278ma=E3K1222452822122&amp_id=EM:CONS:2025-11:23:,"Jennifer Martinez, Consumer Goods Analyst",Consumer Goods,Global,2025-11-23,cns47261,Morning Summary Stock,gpt-4o,formal_analyst,0.7492447129909364,0.4072948328267477,0.622356495468278,0.8493150684931506,0.46206896551724136,0.7054794520547946,0.5932679772377014,,394,242,206,0.6142131979695431,0.5769229913586217,0.8621119667731774,0.6624796839829883
rlx_tech_q325.json,RLX Technology: Q325 strong beat across lines driven by organic growth and strat,https://neo.ubs.com/shared/d2hzDbPdABb51J/?did=AC7-E--2183000278&off_id=AC7-E-24685153128ma=X6D4555785155455&amp_id=EM:UNKW:2025-11:14:,"Christine Peng, CFA, Analyst",Tobacco,,2025-11-24,ueh13036,Morning Summary Stock,gpt-4o,formal_analyst,0.4826086956521739,0.2183406113537118,0.2956521739130435,0.6271186440677966,0.2840909090909091,0.384180790960452,0.2513054609298706,,479,358,210,0.7473903966597077,0.34365250784417856,0.8271833046237913,0.48871174687806235
tesla_q424_earnings.json,Tesla Inc: Q4 2024 results show delivery growth but margin pressure persists,https://neo.ubs.com/shared/p5zTqXs9No8/?did=EF3-H--2186700556&off_id=EF3-H-24716426834ma=A9G7888018488788&amp_id=EM:AUTO:2025-11:22:,"Patrick Hummel, CFA, Autos & Mobility Analyst",Automotive,Global,2025-11-22,aut58372,Research Note,gpt-4o,formal_analyst,0.618925831202046,0.390745501285347,0.5524296675191817,0.8120805369127517,0.5135135135135135,0.7248322147651006,0.44458431005477905,,367,299,172,0.8147138964577657,0.5043471600241064,0.8497223598986121,0.607959719986458
